{
  "project_info": {
    "project_number": "1034423968458",
    "project_id": "ptb-a-fa0b4",
    "storage_bucket": "ptb-a-fa0b4.appspot.com"
  },
  "client": [
    {
      "client_info": {
        "mobilesdk_app_id": "1:1034423968458:android:d0841a5635dfbddeb3ca33",
        "android_client_info": {
          "package_name": "id.ac.unand.ft.si.demokelasa"
        }
      },
      "oauth_client": [
        {
          "client_id": "1034423968458-pt8g3bv743j159e34re8qbsi7sofn6sl.apps.googleusercontent.com",
          "client_type": 3
        }
      ],
      "api_key": [
        {
          "current_key": "AIzaSyDkPQ9xegh46I56ZseDPHhOt6VAZLJ6yXE"
        }
      ],
      "services": {
        "appinvite_service": {
          "other_platform_oauth_client": [
            {
              "client_id": "1034423968458-pt8g3bv743j159e34re8qbsi7sofn6sl.apps.googleusercontent.com",
              "client_type": 3
            }
          ]
        }
      }
    },
    {
      "client_info": {
        "mobilesdk_app_id": "1:1034423968458:android:113c125447e24ed3b3ca33",
        "android_client_info": {
          "package_name": "id.ac.unand.ft.si.demonotifikasi"
        }
      },
      "oauth_client": [
        {
          "client_id": "1034423968458-pt8g3bv743j159e34re8qbsi7sofn6sl.apps.googleusercontent.com",
          "client_type": 3
        }
      ],
      "api_key": [
        {
          "current_key": "AIzaSyDkPQ9xegh46I56ZseDPHhOt6VAZLJ6yXE"
        }
      ],
      "services": {
        "appinvite_service": {
          "other_platform_oauth_client": [
            {
              "client_id": "1034423968458-pt8g3bv743j159e34re8qbsi7sofn6sl.apps.googleusercontent.com",
              "client_type": 3
            }
          ]
        }
      }
    },
    {
      "client_info": {
        "mobilesdk_app_id": "1:1034423968458:android:92a369f27ed087c3b3ca33",
        "android_client_info": {
          "package_name": "net.husnilkamil.notifikasidemo"
        }
      },
      "oauth_client": [
        {
          "client_id": "1034423968458-pt8g3bv743j159e34re8qbsi7sofn6sl.apps.googleusercontent.com",
          "client_type": 3
        }
      ],
      "api_key": [
        {
          "current_key": "AIzaSyDkPQ9xegh46I56ZseDPHhOt6VAZLJ6yXE"
        }
      ],
      "services": {
        "appinvite_service": {
          "other_platform_oauth_client": [
            {
              "client_id": "1034423968458-pt8g3bv743j159e34re8qbsi7sofn6sl.apps.googleusercontent.com",
              "client_type": 3
            }
          ]
        }
      }
    }
  ],
  "configuration_version": "1"
}